trade_no,tanggal,equity,drawdown_pct,pair
0.0,Start,,0.0,—
1.0,2026-06-04 00:00:00,432.6,0,BTCUSD
2.0,2026-06-04 00:00:00,594.6,0,XAUUSD
3.0,2026-06-05 00:00:00,594.6,0,XAUUSD
4.0,2026-06-05 00:00:00,594.6,0,XAUUSD
5.0,2026-06-05 00:00:00,594.6,0,BTCUSD
6.0,2026-06-05 00:00:00,594.6,0,BTCUSD
7.0,2026-06-05 00:00:00,594.6,0,XAUUSD
8.0,2026-06-05 00:00:00,594.6,0,BTCUSD
9.0,2026-06-05 00:00:00,594.6,0,XAUUSD
10.0,2026-06-06 00:00:00,594.6,0,BTCUSD
11.0,2026-06-06 00:00:00,594.6,0,BTCUSD
12.0,2026-06-08 00:00:00,594.6,0,BTCUSD
13.0,2026-06-08 00:00:00,594.6,0,XAUUSD
14.0,2026-06-09 00:00:00,594.6,0,BTCUSD
15.0,2026-06-09 00:00:00,594.6,0,XAUUSD
16.0,2026-06-10 00:00:00,594.6,0,XAUUSD
17.0,2026-06-10 00:00:00,594.6,0,XAUUSD
18.0,2026-06-10 00:00:00,594.6,0,BTCUSD
19.0,2026-06-11 00:00:00,594.6,0,XAUUSD
20.0,2026-06-11 00:00:00,594.6,0,BTCUSD
21.0,2026-06-11 00:00:00,594.6,0,XAUUSD
22.0,2026-06-12 00:00:00,594.6,0,XAUUSD
23.0,2026-06-12 00:00:00,594.6,0,XAUUSD
24.0,2026-06-13 00:00:00,594.6,0,BTCUSD
25.0,2026-06-15 00:00:00,594.6,0,BTCUSD
26.0,2026-06-15 00:00:00,594.6,0,XAUUSD
27.0,2026-06-15 00:00:00,594.6,0,BTCUSD
28.0,2026-06-16 00:00:00,594.6,0,BTCUSD
29.0,2026-06-18 00:00:00,594.6,0,XAUUSD
30.0,2026-06-18 00:00:00,594.6,0,BTCUSD
31.0,2026-06-18 00:00:00,594.6,0,XAUUSD
32.0,2026-06-19 00:00:00,594.6,0,XAUUSD
33.0,2026-06-19 00:00:00,594.6,0,BTCUSD
34.0,2026-06-19 00:00:00,594.6,0,XAUUSD
35.0,2026-06-20 00:00:00,594.6,0,BTCUSD
36.0,2026-06-21 00:00:00,594.6,0,BTCUSD
37.0,22/06/26,594.6,0,BTCUSD
38.0,22/06/26,594.6,0,XAUUSD
39.0,22/06/26,594.6,0,BTCUSD
40.0,22/06/26,594.6,0,XAUUSD
41.0,2026-06-22 00:00:00,594.6,0,BTCUSD
42.0,2026-06-22 00:00:00,594.6,0,BTCUSD
43.0,2026-06-23 00:00:00,594.6,0,BTCUSD
44.0,2026-06-23 00:00:00,594.6,0,XAUUSD
45.0,23/06/26,594.6,0,XAUUSD
46.0,23/06/26,594.6,0,BTCUSD
47.0,24/06/26,594.6,0,XAUUSD
48.0,24/06/26,594.6,0,BTCUSD
49.0,2026-06-24 00:00:00,594.6,0,BTCUSD
50.0,2026-06-24 00:00:00,594.6,0,XAUUSD
51.0,2026-06-24 00:00:00,594.6,0,BTCUSD
52.0,2026-06-24 00:00:00,594.6,0,XAUUSD
53.0,24/06/26,594.6,0,XAUUSD
54.0,24/06/26,594.6,0,BTCUSD
55.0,2026-06-25 00:00:00,594.6,0,BTCUSD
56.0,2026-06-25 00:00:00,594.6,0,BTCUSD
57.0,2026-06-26 00:00:00,594.6,0,BTCUSD
58.0,2026-06-26 00:00:00,594.6,0,XAUUSD
59.0,2026-06-26 00:00:00,594.6,0,BTCUSD
60.0,2026-06-26 00:00:00,594.6,0,XAUUSD
61.0,26/06/26,594.6,0,XAUUSD
62.0,26/06/26,594.6,0,BTCUSD
63.0,29/06/26,594.6,0,XAUUSD
64.0,29/06/26,594.6,0,BTCUSD
65.0,2026-07-07 00:00:00,594.6,0,XAUUSD
66.0,2026-07-07 00:00:00,594.6,0,XAUUSD
67.0,2026-07-07 00:00:00,594.6,0,BTCUSD
68.0,2026-07-08 00:00:00,594.6,0,XAUUSD
69.0,2026-07-08 00:00:00,594.6,0,BTCUSD
70.0,2026-07-08 00:00:00,594.6,0,XAUUSD
71.0,2026-07-08 00:00:00,594.6,0,XAUUSD
72.0,2026-07-08 00:00:00,594.6,0,BTCUSD
73.0,2026-07-08 00:00:00,594.6,0,XAUUSD
74.0,2026-07-08 00:00:00,594.6,0,BTCUSD
75.0,2026-07-09 00:00:00,594.6,0,XAUUSD
76.0,2026-07-09 00:00:00,594.6,0,BTCUSD
77.0,2026-07-09 00:00:00,594.6,0,XAUUSD
78.0,2026-07-09 00:00:00,594.6,0,BTCUSD
79.0,2026-07-09 00:00:00,594.6,0,XAUUSD
80.0,2026-07-10 00:00:00,594.6,0,XAUUSD
81.0,2026-07-10 00:00:00,594.6,0,BTCUSD
82.0,2026-07-13 00:00:00,594.6,0,XAUUSD
83.0,2026-07-13 00:00:00,594.6,0,BTCUSD
84.0,2026-07-13 00:00:00,594.6,0,BTCUSD
85.0,2026-07-13 00:00:00,594.6,0,XAUUSD
86.0,2026-07-13 00:00:00,594.6,0,BTCUSD
87.0,2026-07-13 00:00:00,594.6,0,XAUUSD
88.0,2026-07-13 00:00:00,594.6,0,XAUUSD
89.0,2026-07-14 00:00:00,594.6,0,XAUUSD
90.0,2026-07-14 00:00:00,594.6,0,BTCUSD
91.0,2026-07-14 00:00:00,594.6,0,XAUUSD
92.0,2026-07-14 00:00:00,594.6,0,BTCUSD
93.0,2026-07-14 00:00:00,594.6,0,BTCUSD
94.0,14/07/26,594.6,0,XAUUSD
95.0,14/07/26,594.6,0,BTCUSD
96.0,2026-07-14 00:00:00,594.6,0,BTCUSD
97.0,2026-07-14 00:00:00,594.6,0,XAUUSD
98.0,2026-07-14 00:00:00,594.6,0,BTCUSD
99.0,2026-07-15 00:00:00,594.6,0,BTCUSD
100.0,2026-07-16 00:00:00,594.6,0,XAUUSD
101.0,2026-07-16 00:00:00,594.6,0,BTCUSD
