no,bulan,tanggal,pair,metode,arah,timeframe,sesi,lot,entry,sl,tp,risk_rp,reward_rp,rr_target,hasil_wl,hasil_rp,rr_actual,pip,drawdown_pct,running_equity,dd_dari_peak,emosi,alasan_entry,catatan,screenshot
1.0,Bulan 1,2026-06-04 00:00:00,BTCUSD,Breakout Ranging,SELL,H1,,0.01,65578.84,66855.03,63110.14,,,,WIN,432.6,,,0,432.6,0,Tenang,mengikuitn trendnya,jangan ngelawan trend ,https://drive.google.com/file/d/15l33kwU_dCja887h3ves5xItcMti9rb3/view?usp=drive_link
2.0,Bulan 1,2026-06-04 00:00:00,XAUUSD,Reversal Batas,SELL,H1,,0.01,447948.0,4504.65,4427.94,443443.35,443520.06,1.000172987,LOSS,162.0,0.0003653228761,-4434433.5,0,594.6,0,Tenang,mengikuitn trendnya,tunggu momenya konfimasinya jika ngebreakout resistenya maka trendnya berubah,https://drive.google.com/file/d/1zzUDvkgGvZBbDGYUCxxwtCJTAIlol536/view?usp=drive_link
3.0,Bulan 1,2026-06-05 00:00:00,XAUUSD,Breakout Ranging,SELL,H1,,0.01,4468576.0,4456857.0,4511653.0,11719,43077,3.675825582,LOSS,,0,-117190,0,594.6,0,Ragu,dikira sudah berubah trendnya,tetep tunggu konfirmasi yang jelas ,https://drive.google.com/file/d/1asdZqrsT9ke-vThPM4YbEtboRCv6Ot7Y/view?usp=drivesdk
4.0,Bulan 1,2026-06-05 00:00:00,XAUUSD,Breakout Ranging,SELL,H1,,0.01,4463983.0,4471798.0,4430258.0,7815,33725,4.315419066,WIN,,0,-337250,0,594.6,0,Percaya Diri,masih mengikuti trend besar dan harga sudah ngbreakot support kecilnya,tunggu konfirmasi dulu ,https://drive.google.com/file/d/1o9xD16zwjK0GzF9yzVZTXawan_1Klx97/view?usp=drivesdk
5.0,Bulan 1,2026-06-05 00:00:00,BTCUSD,Breakout Ranging,SELL,H1,,0.01,62768.75,63583.52,61066.68,,,,LOSS,,,,0,594.6,0,Percaya Diri,mengikuti trend besar nya dan harga sudah ngbreakot support ,SL taro di atas resisten yang strong ,https://drive.google.com/file/d/1u0LVyv3smNclfyJP3KTSedX6oFVQ0WtT/view?usp=drivesdk
6.0,Bulan 1,2026-06-05 00:00:00,BTCUSD,Breakout Ranging,SELL,H1,,0.01,61671.32,62922.21,59876.92,,,,LOSS,,,,0,594.6,0,Tenang,mengikuti trend dan sudah ngbreakot resistennya,SL taro di atas strong yang kuat ,https://drive.google.com/file/d/16o3FovXei63EIW2-mG6pbtcYBd6uKB_4/view?usp=drivesdk
7.0,Bulan 1,2026-06-05 00:00:00,XAUUSD,Reversal Batas,BUY,H1,,0.01,4455109.0,4427468.0,4502856.0,27641,47747,1.727397706,LOSS,,0,276410,0,594.6,0,Tenang,dikira bakal terjadi ranging,jangan pernah ngelawan trend ,https://drive.google.com/file/d/14jXlAD4R1onO2CAHIvYXRR-TLRnwqV6I/view?usp=drivesdk
8.0,Bulan 1,2026-06-05 00:00:00,BTCUSD,Breakout Ranging,SELL,H1,,0.01,62879.93,64364.03,61333.15,,,,WIN,,,,0,594.6,0,Percaya Diri,mengikuti trend ,jangan pernah merasa tau trend dan harus tau batasan ,https://drive.google.com/file/d/1kTgv6JwWu8m_kAnzBhHfueEdZpeTY-AW/view?usp=drivesdk
9.0,Bulan 1,2026-06-05 00:00:00,XAUUSD,Breakout Ranging,SELL,H1,,0.01,4423028.0,4448635.0,4371803.0,25607,51225,2.00042957,WIN,,0,-512250,0,594.6,0,Percaya Diri,mengikuti trend ,tunggu konfirmasi metodenya momentum terjadinya ,https://drive.google.com/file/d/1xNNhCJdE1Bs_hBVHOZhIwpv6lkHXx2QI/view?usp=drivesdk
10.0,Bulan 1,2026-06-06 00:00:00,BTCUSD,Breakout Ranging,SELL,H1,,0.01,61117.91,62896.52,59291.52,,,,WIN,,,,0,594.6,0,Percaya Diri,mengikuti trend ,harus mengikuti metodenya ,https://drive.google.com/file/d/1vitY2_Asn7K56UYR1TPdBMwZXw7zeDgy/view?usp=drivesdk
11.0,Bulan 1,2026-06-06 00:00:00,BTCUSD,Reversal Batas,SELL,H1,,0.01,61593.78,62993.61,59217.89,13.9983,23.7589,1.697270383,LOSS,,0,1399.83,0,594.6,0,Tenang,mengikuti trendnya,sudah berubah trend nya,https://drive.google.com/file/d/1tYl8PCY85GoyIaJUiCoKKbewAwIj-_JQ/view?usp=drivesdk
12.0,Bulan 1,2026-06-08 00:00:00,BTCUSD,Breakout Ranging,BUY,H1,,0.01,63.397.52,61.938.48,66.355.27,,,,LOSS,,,,0,594.6,0,Tenang,trend sudah berubah ,trend masih kuat turun ,https://drive.google.com/file/d/1m_WpyeLMGYeh38XcnVYogNl1dbRzdgYM/view?usp=drivesdk
13.0,Bulan 1,2026-06-08 00:00:00,XAUUSD,Breakout Ranging,SELL,H1,,0.01,4326.977,4383.341,4192.554,56.364,134.423,2.384908807,WIN,,0,-1344.23,0,594.6,0,Percaya Diri,mengikuti trendnya dan sudah ngebrkaout ,trend masih kuat turun ,https://drive.google.com/file/d/1V0M9Amk1x1nqQQ1wkMlr-TvewruFmyMF/view?usp=drivesdk
14.0,Bulan 1,2026-06-09 00:00:00,BTCUSD,Breakout Ranging,SELL,H1,,0.01,61411.62,62652.32,60191.74,,,,LOSS,,,,0,594.6,0,Percaya Diri,sudah ngbreakot area support ,market berubah trend menjadi konsolidasi ,https://drive.google.com/file/d/18geiF2HzIgmb0GHBGomxweJ48E2Co2NE/view?usp=drivesdk
15.0,Bulan 1,2026-06-09 00:00:00,XAUUSD,Breakout Ranging,SELL,H1,,0.01,4262815.0,4318226.0,4192554.0,55411,70261,1.267997329,WIN,,0,-702610,0,594.6,0,Percaya Diri,sudah ngbreakot support resisten kecil ,trend masih kuat turun ,https://drive.google.com/file/d/1V0M9Amk1x1nqQQ1wkMlr-TvewruFmyMF/view?usp=drivesdk
16.0,Bulan 1,2026-06-10 00:00:00,XAUUSD,Breakout Ranging,SELL,H1,,0.01,4188426.0,4251225.0,4107425.0,62799,81001,1.28984538,WIN,,0,-810010,0,594.6,0,Tenang,trend masih kuat turun ,trend masih kuat turun ,https://drive.google.com/file/d/1H_rUAhRR9L9BwYnkSGU138ndxP5Ey5hV/view?usp=drivesdk
17.0,Bulan 1,2026-06-10 00:00:00,XAUUSD,Breakout Ranging,SELL,H1,,0.01,4127123.0,4192236.0,4060782.0,65113,66341,1.018859521,WIN,,0,-663410,0,594.6,0,Tenang,mengikuti trend nya,trend masih kuat turun ,https://drive.google.com/file/d/1jTRTGWdPl2qKnZbGuu4xF_VklJtaAfju/view?usp=drivesdk
18.0,Bulan 1,2026-06-10 00:00:00,BTCUSD,Breakout Ranging,BUY,H1,,0.01,62401.18,61401.18,63681.01,,,,LOSS,,,,0,594.6,0,Tenang,trend berubah jadi konsolidasi ,pasang SL bukan di area strong dan entry tidak tunggu konfirmasi yang valid ,https://drive.google.com/file/d/1eS_IePHhHMgCd66_EcpiAeEspVNHZkG4/view?usp=drivesdk
19.0,Bulan 1,2026-06-11 00:00:00,XAUUSD,Breakout Ranging,SELL,H1,,0.01,4033292.0,4124983.0,3941194.0,91691,92098,1.004438822,LOSS,,0,916910,0,594.6,0,Tenang,trend masih kuat turun ,tunggu konfirmasi dulu kalo mau entry langsung sl taro di strong resisten ,https://drive.google.com/file/d/1z7ulux6hQDchfhcAcrLBwupgxUNnUndn/view?usp=drivesdk
20.0,Bulan 1,2026-06-11 00:00:00,BTCUSD,Reversal Batas,BUY,H1,,0.01,61735.45,60046.18,64076.71,,,,WIN,,,,0,594.6,0,Tenang,sudah di area support strong dan sudah ada trend kecil ,trend membentuk konsolidasi ,https://drive.google.com/file/d/1ISm5ylytMqGSrgu9vhMIAD_m3WhOsHRQ/view?usp=drivesdk
21.0,Bulan 1,2026-06-11 00:00:00,XAUUSD,Reversal Batas,SELL,H1,,0.01,4112779.0,4179157.0,3940258.0,66378,172521,2.599068969,LOSS,,0,663780,0,594.6,0,Tenang,sudah di area strong resisten ,trendnya sudah berubah ,https://drive.google.com/file/d/1MpmJ1ipBru4iePlbypAsY55cnqw1U_ft/view?usp=drivesdk
22.0,Bulan 1,2026-06-12 00:00:00,XAUUSD,Breakout Ranging,SELL,H1,,0.01,4219630.0,4185160.0,4321900.0,34470,102270,2.966927763,LOSS,,0,-344700,0,594.6,0,Tenang,trend sudah berubah dan sudah ngbreakot resistennya ,trend masih kuat turun dan belum ngbreakot resisten strong ,https://drive.google.com/file/d/1XZSKDAtO2zIJLKM9JsCFucXiHFTBjZMk/view?usp=drivesdk
23.0,Bulan 1,2026-06-12 00:00:00,XAUUSD,Reversal Batas,SELL,H1,,0.01,4183700.0,4183700.0,4031424.0,0,152276,,LOSS,,,0,0,594.6,0,Tenang,trend masih kuat turun belum ngbreakot resisten strongnya,trend sudah berubah nah jika di h1 sudah ngbreakot maka trend sudah berubah ,https://drive.google.com/file/d/1nC70HugeZYGNsLRUwPPV9p1K5QtRcWlp/view?usp=drivesdk
24.0,Bulan 1,2026-06-13 00:00:00,BTCUSD,Reversal Batas,SELL,H1,,0.01,63530.98,64551.74,61254.53,,,,LOSS,,,,0,594.6,0,Tenang,trend membentuk konsolidasi ,area resisten di break ,https://drive.google.com/file/d/1rYUEffpR07aY6rTxoeI7ejonD4VtsNYU/view?usp=drivesdk
25.0,Bulan 1,2026-06-15 00:00:00,BTCUSD,Breakout Ranging,BUY,H1,,0.01,64321.33,63576.88,66050.68,,,,WIN,,,,0,594.6,0,Tenang,trend sudah ngbreakot ,sesuai trading plan ,https://drive.google.com/file/d/1XwuxrlNHXMKUt9EoGAAlBciJ5rchXpfV/view?usp=drivesdk
26.0,Bulan 1,2026-06-15 00:00:00,XAUUSD,Breakout Ranging,BUY,H1,,0.01,4302974.0,4244074.0,4369970.0,58900,66996,1.137453311,WIN,,0,-669960,0,594.6,0,Tenang,trend sudah ngbreakot ,sesuai trend ,https://drive.google.com/file/d/1oOCeo3OmzrDXQFrKV5ZJY5yKobI9_Fgs/view?usp=drivesdk
27.0,Bulan 1,2026-06-15 00:00:00,BTCUSD,Reversal Batas,SELL,H1,,0.01,66331.77,66957.21,64794.19,,,,LOSS,,,,0,594.6,0,Tenang,trend masih kuat turun dan udah di area konfirmasi dan sudah ada 1 candel merah hammer ,harus ikutin sajah trend nya jangan pernah ngelawan trend ,https://drive.google.com/file/d/1IEH2pvsQRMExN4uxHZmKUxqb4xeO843u/view?usp=drivesdk
28.0,Bulan 1,2026-06-16 00:00:00,BTCUSD,Breakout Ranging,BUY,H1,,0.01,66352.40,65350.79,70290.40,,,,LOSS,,,,0,594.6,0,Tenang,trend masih kuat naik mengikuti trend ,trend biasa memantul di area strong resisten nya,https://drive.google.com/file/d/1cUrMH4hdgzQ8p5qnAIRGuU07WHx3Ls3h/view?usp=drivesdk
29.0,Bulan 1,2026-06-18 00:00:00,XAUUSD,Reversal Batas,BUY,H1,,0.01,4303049.0,4237727.0,4376797.0,65322,73748,1.128991764,LOSS,,0,653220,0,594.6,0,Tenang,mengikuti trend naik ,tunggu konfirmasi ke area penting dan SL harus di strong ,https://drive.google.com/file/d/117Ae7CCRs3zBGeYqT8npwD5zZWLGjRzC/view?usp=drivesdk
30.0,Bulan 1,2026-06-18 00:00:00,BTCUSD,Reversal Batas,BUY,H1,,0.01,65315.08,63488.53,67161.07,,,,LOSS,,,,0,594.6,0,Tenang,mengikuti trend besar dan ada trend kecil,entry bukan di area penting dan trend kecil nya masih kuat turun ,https://drive.google.com/file/d/10LtZ_OLmJkvy-y_H0srhcOP3kfQOgX5m/view?usp=drivesdk
31.0,Bulan 1,2026-06-18 00:00:00,XAUUSD,Reversal Batas,BUY,H1,,0.01,4305905.0,4261081.0,4372998.0,44824,67093,1.496809745,LOSS,,0,448240,0,594.6,0,Tenang,mengikuti trend besar dan ada trend kecil ,entry bukan di area penting nya,https://drive.google.com/file/d/1rIquPl0nKMDg0kA1QFmCu8nzkgZLFCsB/view?usp=drivesdk
32.0,Bulan 1,2026-06-19 00:00:00,XAUUSD,Breakout Ranging,SELL,H1,,0.01,4205530.0,4248827.0,4131223.0,43297,74307,1.716215904,WIN,,0,-743070,0,594.6,0,Percaya Diri,mengikuti trend dan sudah ngbreakot support ,sesuai dengan metode nya,https://drive.google.com/file/d/1OoynqVcCM49aqRJ8xwQIrPF_brL5rvpY/view?usp=drivesdk
33.0,Bulan 1,2026-06-19 00:00:00,BTCUSD,Reversal Batas,SELL,H1,,0.01,62926.37,64038.89,61536.90,,,,LOSS,,,,0,594.6,0,Percaya Diri,mengikuti trend dan sudah ngbreakot support dan ada momentum candel,trend berubah ,https://drive.google.com/file/d/1PTY3hubMd1nKzDqlRa83mlXoZdLAiY23/view?usp=drivesdk
34.0,Bulan 1,2026-06-19 00:00:00,XAUUSD,Reversal Batas,SELL,H1,,0.01,4172614.0,4200783.0,4120824.0,28169,51790,1.838545919,LOSS,,0,281690,0,594.6,0,Percaya Diri,mengikuti trend dan sudah ngbreakot support dan revesal di area resisten ,berubah trendnya,https://drive.google.com/file/d/1c230rBwD9WKHdWjBwZIeNFcdrWieFx4m/view?usp=drivesdk
35.0,Bulan 1,2026-06-20 00:00:00,BTCUSD,Reversal Batas,SELL,H1,,0.01,63593.43,64043.28,62571.74,,,,LOSS,,,,0,594.6,0,Percaya Diri,sudah di area resisten strongnya ,trend berubah ,https://drive.google.com/file/d/1PTY3hubMd1nKzDqlRa83mlXoZdLAiY23/view?usp=drivesdk
36.0,Bulan 1,2026-06-21 00:00:00,BTCUSD,Breakout Ranging,BUY,H1,,0.01,64016.77,63566.94,64723.77,,,,LOSS,,,,0,594.6,0,Percaya Diri,area resisten sudah ke breakout ,trend masih kuat turun ,https://drive.google.com/file/d/1YBPF9KtyTfSjjKvO-NDP7J4LAilRUmRB/view?usp=drivesdk
37.0,Bulan 1,22/06/26,BTCUSD,Reversal Batas,SELL,H1,,0.01,63879.94,64465.12,63105.62,5.8518,7.7432,1.323216788,LOSS,,0,585.18,0,594.6,0,Tenang,area support sudah ngebreakouat dan sudah nyentuh area resitennya,sudah ngerbreakout resitenya ,https://drive.google.com/file/d/190pDnCQrlD57V8D9LKfWI4DM970ev_h0/view?usp=drivesdk
38.0,Bulan 1,22/06/26,XAUUSD,Breakout Ranging,BUY,H1,,0.01,4210.36,4182.938,425314.0,27.422,421103.64,15356.41602,LOSS,,0,274.22,0,594.6,0,Percaya Diri,area resisten sudah ke breakout ,taro sl  bukan di strongnya ,https://drive.google.com/file/d/1mMY0LpDIa9GoL0IY7JhCyXInGH7ebbA5/view?usp=drivesdk
39.0,Bulan 1,22/06/26,BTCUSD,Reversal Batas,BUY,H1,,0.01,64032.97,63709.61,64707.75,3.2336,6.7478,2.086776348,WIN,,0,-674.78,0,594.6,0,Tenang,area resisten sudah ke breakout dan sudah di area suppostnya,sesuai metodenya ,https://drive.google.com/file/d/1Udq0QAWJ1k5cRyavFu5y0Ey6H5l_BaQF/view?usp=drivesdk
40.0,Bulan 1,22/06/26,XAUUSD,Reversal Batas,BUY,H1,,0.01,4182.959,4159.801,4240344.0,23.158,4236161.041,182924.3044,LOSS,,0,231.58,0,594.6,0,Tenang,area resisten sudah ke breakout dan sudah di area suppostnya,entry langsung masuk bukan di area support yang strong jika menggukan revesal metodenya trend nya masih kuat naik ,https://drive.google.com/file/d/1o90O61f5lyJ4kJXmh79FaiY6tSkP6w5K/view?usp=drivesdk
41.0,Bulan 1,2026-06-22 00:00:00,BTCUSD,Breakout Ranging,BUY,H1,,0.01,64613.43,64077.87,65378.73,,,,WIN,,,,0,594.6,0,Percaya Diri,area resisten sudah ke breakout ,sesuai dengan metode nya ,https://drive.google.com/file/d/1C8g4lJUxBneSZibRO35S0ylRnBMG7h_Z/view?usp=drivesdk
42.0,Bulan 1,2026-06-22 00:00:00,BTCUSD,Reversal Batas,BUY,H1,,0.01,64714.23,64298.46,66544.60,,,,LOSS,,,,0,594.6,0,Tenang,area sudah ngbreakot resisten dan kembali ke support ,broker market meker seharusnya profit nih loss,https://drive.google.com/file/d/1CqfHAHtlaaHHu5n8J43FREoMRo0wp9gL/view?usp=drivesdk
43.0,Bulan 1,2026-06-23 00:00:00,BTCUSD,Reversal Batas,BUY,H1,,0.01,63888.27,63137.39,65455.29,,,,LOSS,,,,0,594.6,0,Tenang,sudah di area momentumnya sesuai dengan metodenya ,jadi fokus ke satu metodenya ajh,
44.0,Bulan 1,2026-06-23 00:00:00,XAUUSD,Reversal Batas,BUY,H1,,0.01,4159767.0,4135635.0,4215603.0,24132,55836,2.313774242,LOSS,,0,241320,0,594.6,0,Tenang,sudah di area momentumnya sesuai dengan metodenya ,SL bukan di area strong entry terlalu atas jadi harus sabar atau taro SL nya di strong ,https://drive.google.com/file/d/1EhYdj58VTKBX8EFt7DidOJ4SKc6T4H7I/view?usp=drivesdk
45.0,Bulan 1,23/06/26,XAUUSD,Breakout Ranging,SELL,H1,,0.01,4121.996,4152.833,4061.601,30.837,60.395,1.958523851,WIN,,0,-603.95,0,594.6,0,Tenang,area support sudah ngebreakouat  ,sesuai dengan trendnya ,https://drive.google.com/file/d/1wIoGP0kFYdtJTWPBYySbNt4llcacnSYt/view?usp=drivesdk
46.0,Bulan 1,23/06/26,BTCUSD,Reversal Batas,SELL,H1,,0.01,62487.96,62908.88,61821.53,4.2092,6.6643,1.58326998,LOSS,,0,420.92,0,594.6,0,Tenang,mengikutin trendnya ,ngebreakout resitenya dan trend sudah berubah ,https://drive.google.com/file/d/1Ak2FFiKTpv3k2V7rr9436ExruIgmcsR5/view?usp=drivesdk
47.0,Bulan 1,24/06/26,XAUUSD,Reversal Batas,SELL,H1,,0.01,4081.196,4112.08,4037.279,30.884,43.917,1.421998446,WIN,,0,-439.17,0,594.6,0,Tenang,trend masih kuat turun sudah di area entrynya di resitenya ,sesuai dengan metodenya ,https://drive.google.com/file/d/1VOvdaXWc0PBWw33ph0j-Mj4kOx1XT_-d/view?usp=drivesdk
48.0,Bulan 1,24/06/26,BTCUSD,Breakout Ranging,BUY,H1,,0.01,62803.19,62371.06,63619.63,4.3213,8.1644,1.889338856,LOSS,,0,432.13,0,594.6,0,Tenang,sudah ngebrakouat resitenya dan sudah ngambil area supportnya ,SL nya bukan di strong ,https://drive.google.com/file/d/1DaPfhNjFphT7T3L-FlcCJzTNI7GY1V-S/view?usp=drivesdk
49.0,Bulan 1,2026-06-24 00:00:00,BTCUSD,Reversal Batas,BUY,H1,,0.01,62316.56,61845.60,63528.75,,,,LOSS,,,,0,594.6,0,Tenang,sudah di area support strong nya,trend masih kuat turun jangan pernah ngelawan trend ,https://drive.google.com/file/d/1mQjQdtVmnXMyyix_LkzTnGBb04_7dsnx/view?usp=drivesdk
50.0,Bulan 1,2026-06-24 00:00:00,XAUUSD,Reversal Batas,SELL,H1,,0.01,4049593.0,4059655.0,4037279.0,10062,12314,1.223812363,WIN,,0,-123140,0,594.6,0,Percaya Diri,sudah di area resisten dan sudah ngbreakot dan kembali ke area resisten nya,sesuai dengan metodenya ,https://drive.google.com/file/d/1VOvdaXWc0PBWw33ph0j-Mj4kOx1XT_-d/view?usp=drivesdk
51.0,Bulan 1,2026-06-24 00:00:00,BTCUSD,Reversal Batas,SELL,H1,,0.01,60925.44,60291.09,61567.85,,,,LOSS,,,,0,594.6,0,Tenang,sudah di area support nya,jangan pernah ngelawan trend dan loss berati trend masih kuat,https://drive.google.com/file/d/18QE9Q2-NklFJQDrQ3ilBjgQ-Oq4zgzFZ/view?usp=drivesdk
52.0,Bulan 1,2026-06-24 00:00:00,XAUUSD,Reversal Batas,SELL,H1,,0.01,4017723.0,4054644.0,3964036.0,36921,53687,1.45410471,WIN,,0,-536870,0,594.6,0,Tenang,area masih kuat turun dan sudah di area resisten ,sesuai dengan metodenya ,https://drive.google.com/file/d/1EPWrzJoEA3dvwENwNBE2-n70sBEvfKNC/view?usp=drivesdk
53.0,Bulan 1,24/06/26,XAUUSD,Reversal Batas,SELL,H1,,0.01,4012.052,4044.601,3961.647,32.549,50.405,1.548588282,LOSS,,0,325.49,0,594.6,0,Tenang,sudah di area resitenya,trend sudah berubah ,
54.0,Bulan 1,24/06/26,BTCUSD,Reversal Batas,BUY,H1,,0.01,60983.66,60321.57,62593.49,6.6209,16.0983,2.431436814,LOSS,,0,662.09,0,594.6,0,Tenang,ada momentum dan sudah ngebrekoaut area resisten sebelumnya , jangan enrty di momen yang belum terjadi metodenya dan ya belum ada konfirmasi yang jelas tadi di metodenya ,
55.0,Bulan 1,2026-06-25 00:00:00,BTCUSD,Reversal Batas,BUY,H1,,0.01,61185.44,60537.40,62596.11,,,,LOSS,,,,0,594.6,0,Tenang,sudah di area support ,melawan trend jadi jangan pernah ngelawan trend ,
56.0,Bulan 1,2026-06-25 00:00:00,BTCUSD,Reversal Batas,SELL,H1,,0.01,59371.53,59977.51,58206.58,,,,LOSS,,,,0,594.6,0,Tenang,sudah ngbreakot support dan menyentuh resisten nya,trend sudah berubah ,
57.0,Bulan 1,2026-06-26 00:00:00,BTCUSD,Reversal Batas,BUY,H1,,0.01,,,,0,0,,LOSS,,,0,0,594.6,0,Tenang,sudah di area support ,bukan di area support strong nya,
58.0,Bulan 1,2026-06-26 00:00:00,XAUUSD,Reversal Batas,BUY,H1,,0.01,,,,0,0,,LOSS,,,0,0,594.6,0,Tenang,bukan entry di area support strong nya,harus tunggu konfirmasi nya,
59.0,Bulan 1,2026-06-26 00:00:00,BTCUSD,Reversal Batas,BUY,H1,,0.01,,,,0,0,,WIN,,,0,0,594.6,0,Tenang,sudah ada di area support strong ,sesuai dengan metodenya ,
60.0,Bulan 1,2026-06-26 00:00:00,XAUUSD,Reversal Batas,BUY,H1,,0.01,,,,0,0,,WIN,,,0,0,594.6,0,Tenang,sudah di area support ,sesuai dengan metodenya ,
61.0,Bulan 1,26/06/26,XAUUSD,Breakout Ranging,BUY,H1,,0.01,40448.973,4023.643,4077.838,36425.33,36371.135,0.9985121617,WIN,,0,363711.35,0,594.6,0,Percaya Diri,sudah ngbreakout area resitenya ,sesuai dengan metodenya ,
62.0,Bulan 1,26/06/26,BTCUSD,Reversal Batas,BUY,H1,,0.01,59410.4,58902.69,60557.03,5.0771,11.4663,2.258434933,LOSS,,0,507.71,0,594.6,0,Tenang,sudah di area support ,support bukan di strong nya,
63.0,Bulan 1,29/06/26,XAUUSD,Reversal Batas,BUY,H1,,0.01,4036.788,4020.528,4087.033,16.26,50.245,3.090098401,LOSS,,0,162.6,0,594.6,0,Percaya Diri,sudah di area support strongnya,SL nya bukan di area strong ,
64.0,Bulan 1,29/06/26,BTCUSD,Breakout Ranging,SELL,H1,,0.01,59950.75,60.860.74,58143.64,,18.0711,,LOSS,,,,0,594.6,0,Tenang,sudah ngebrakouat resitenya,jagan ngerasa tau trend ke mana jika trend mau naik yah udah biarin ajh,
65.0,Bulan 2,2026-07-07 00:00:00,XAUUSD,Breakout Ranging,SELL,H1,,0.01,4164.429,4188.248,4102.62,23.819,61.809,2.594945212,WIN,,0,-618.09,0,594.6,0,Tenang,sudah ngebrakouat support strongnya ,jika belum kena tp modal minem yang harus di inget resikonya gak ada metodenya 100% profit dan anggap diri kita bodoh,
66.0,Bulan 2,2026-07-07 00:00:00,XAUUSD,Breakout Ranging,SELL,H1,,0.01,4125514.0,4145.379,4102.386,4121368.621,4121411.614,1.000010432,LOSS,,0,-41213686.21,0,594.6,0,Tenang,sudah ngebrakouat support strongnya ,entry salah biasa market bakal ngambil area resitenya yang sudah ngbrekaouat suppostnya dan pentingnya gak bakal tau market mau kemana yang penting resikonya gak ada metodenya 100%,
67.0,Bulan 2,2026-07-07 00:00:00,BTCUSD,Breakout Ranging,SELL,H1,,0.01,63286.0,63767.2,62506.07,4.812,7.7993,1.620802161,LOSS,,0,481.2,0,594.6,0,Tenang,sudah ngebrakouat support strongnya ,entry salah biasa market bakal ngambil area resitenya yang sudah ngbrekaouat suppostnya dan pentingnya gak bakal tau market mau kemana yang penting resikonya ,
68.0,Bulan 2,2026-07-08 00:00:00,XAUUSD,Breakout Ranging,SELL,H1,,0.01,4110.092,4136.111,4080.617,26.019,29.475,1.132826012,WIN,,0,-294.75,0,594.6,0,Tenang,sudah ngebrakouat support strongnya ,sesuai dengan metodenya ,
69.0,Bulan 2,2026-07-08 00:00:00,BTCUSD,Breakout Ranging,SELL,H1,,0.01,62885.29,63408.34,61790.99,5.2305,10.943,2.092151802,WIN,,0,-1094.3,0,594.6,0,Tenang,sudah ngebrakouat support strongnya ,sesuai dengan metodenya ,
70.0,Bulan 2,2026-07-08 00:00:00,XAUUSD,Reversal Batas,SELL,H1,,0.01,4126391.0,4136418.0,4080653.0,10027,45738,4.561483993,WIN,,0,-457380,0,594.6,0,Tenang,sudah di area resisten strongnya ,sesuai dengan metodenya ,
71.0,Bulan 2,2026-07-08 00:00:00,XAUUSD,Reversal Batas,SELL,H1,,0.01,4061605.0,4029814.0,4107408.0,31791,45803,1.440753672,LOSS,,0,-317910,0,594.6,0,Tenang,sudah di area support sebelum nya,jangan pernah ngelawan trend dan mau revesal usahakan ikutin trend yang terjadi ajh di sebelah kanan yang bener lagih jalan Jagan pernah ngerasa tau market terlalu turun atau naik ,
72.0,Bulan 2,2026-07-08 00:00:00,BTCUSD,Reversal Batas,SELL,H1,,0.01,62295.43,61667.88,63173.43,,,,LOSS,,,,0,594.6,0,Tenang,sudah di area support sebelum nya ,jangan pernah ngelawan trend dan mau revesal usahakan ikutin trend yang terjadi ajh di sebelah kanan yang bener lagih jalan Jagan pernah ngerasa tau market terlalu turun atau naik ,
73.0,Bulan 2,2026-07-08 00:00:00,XAUUSD,Reversal Batas,BUY,H1,,0.01,4033940.0,4008223.0,4078320.0,25717,44380,1.725706731,WIN,,0,-443800,0,594.6,0,Tenang,sudah di area strong resisten nya ,sesuai dengan metodenya ,
74.0,Bulan 2,2026-07-08 00:00:00,BTCUSD,Reversal Batas,BUY,H1,,0.01,61667.34,61223.64,62470.92,,,,WIN,,,,0,594.6,0,Tenang,sudah di area strong resisten nya ,sesuai dengan metodenya ,
75.0,Bulan 2,2026-07-09 00:00:00,XAUUSD,Reversal Batas,SELL,H1,,0.01,4075334.0,4093944.0,4040045.0,18610,35289,1.896238581,LOSS,,0,186100,0,594.6,0,Tenang,sudah di area support resisten nya ,trend sudah berubah ,
76.0,Bulan 2,2026-07-09 00:00:00,BTCUSD,Breakout Ranging,BUY,H1,,0.01,62441.77,62092.95,62827.52,,,,WIN,,,,0,594.6,0,Tenang,sudah ngbreakot resistennya strong sebelum nya,sesuai dengan metodenya ,
77.0,Bulan 2,2026-07-09 00:00:00,XAUUSD,Breakout Ranging,BUY,H1,,0.01,4095000.0,4070129.0,4119943.0,24871,24943,1.002894938,WIN,,0,-249430,0,594.6,0,Tenang,sudah ngbreakot resistennya strong ,sesuai dengan metodenya ,
78.0,Bulan 2,2026-07-09 00:00:00,BTCUSD,Reversal Batas,SELL,H1,,0.01,62863.55,63444.27,61940.54,,,,LOSS,,,,0,594.6,0,Tenang,sudah di area strong resisten nya ,masih mengejar resisten strongnya ,
79.0,Bulan 2,2026-07-09 00:00:00,XAUUSD,Breakout Ranging,BUY,H1,,0.01,4127957.0,4111377.0,4146843.0,16580,18886,1.139083233,LOSS,,0,165800,0,594.6,0,Tenang,sudah ngbreakot resisten strong nya ,ngambil area support dulu market masih trend ,
80.0,Bulan 2,2026-07-10 00:00:00,XAUUSD,Reversal Batas,BUY,H1,,0.01,4118063.0,4105736.0,4138076.0,12327,20013,1.62350937,LOSS,,0,123270,0,594.6,0,Tenang,sudah di area support strong di trend bulish ,entry terlalu cepet dan SL bukan di support strong nya ,
81.0,Bulan 2,2026-07-10 00:00:00,BTCUSD,Reversal Batas,SELL,H1,,0.01,63716.76,64213.61,62889.13,,,,LOSS,,,,0,594.6,0,Tenang,sudah di area strong resisten ,sl bukan di area strong resisten nya,
82.0,Bulan 2,2026-07-13 00:00:00,XAUUSD,Breakout Ranging,SELL,H1,,0.01,4085611.0,4103940.0,4067282.0,18329,18329,1,WIN,,0,-183290,0,594.6,0,Tenang,sudah ngbreakot support strong nya ,sesuai dengan metodenya ,
83.0,Bulan 2,2026-07-13 00:00:00,BTCUSD,Reversal Batas,SELL,H1,,0.01,64375.27,64711.15,63581.05,,,,WIN,,,,0,594.6,0,Tenang,sudah di area resisten strongnya ,sesuai dengan metodenya ,
84.0,Bulan 2,2026-07-13 00:00:00,BTCUSD,Breakout Ranging,SELL,H1,,0.01,63434.96,63765.56,63017.83,,,,WIN,,,,0,594.6,0,Tenang,sudah ngbreakot support strong nya ,sesuai dengan metodenya ,
85.0,Bulan 2,2026-07-13 00:00:00,XAUUSD,Breakout Ranging,SELL,H1,,0.01,4072211.0,4081091.0,4057446.0,8880,14765,1.662725225,WIN,,0,-147650,0,594.6,0,Tenang,sudah ngbreakot support strong nya ,sesuai dengan metodenya ,
86.0,Bulan 2,2026-07-13 00:00:00,BTCUSD,Reversal Batas,BUY,H1,,0.01,62735.25,62366.84,63138.85,,,,WIN,,,,0,594.6,0,Tenang,di area support strong nya ,sesuai dengan metodenya ,
87.0,Bulan 2,2026-07-13 00:00:00,XAUUSD,Breakout Ranging,SELL,H1,,0.01,4053835.0,4067047.0,4033581.0,13212,20254,1.533000303,LOSS,,0,132120,0,594.6,0,Tenang,sudah ngbreakot support strong nya ,ngambil area resisten nya dulu,
88.0,Bulan 2,2026-07-13 00:00:00,XAUUSD,Reversal Batas,SELL,H1,,0.01,4068777.0,4079307.0,4035287.0,10530,33490,3.180436847,LOSS,,0,105300,0,594.6,0,Tenang,sudah di area resisten strongnya dan masih trend nya ,entry bukan di area resisten strongnya ,
89.0,Bulan 2,2026-07-14 00:00:00,XAUUSD,Reversal Batas,BUY,H1,,0.01,3998037.0,3983798.0,4022601.0,14239,24564,1.725121146,LOSS,,0,142390,0,594.6,0,Tenang,sudah di area support strong besarnya ,tunggu Konfirmasi yang jelas tunggu area support resisten ke breakout atau revesal ,
90.0,Bulan 2,2026-07-14 00:00:00,BTCUSD,Breakout Ranging,BUY,H1,,0.01,62190.24,61941.64,62684.28,,,,WIN,,,,0,594.6,0,Tenang,sudah ngbreakot area resisten strongnya ,sesuai dengan metodenya ,
91.0,Bulan 2,2026-07-14 00:00:00,XAUUSD,Breakout Ranging,BUY,H1,,0.01,4013381.0,4000464.0,4038408.0,12917,25027,1.937524193,WIN,,0,-250270,0,594.6,0,Tenang,sudah ngbreakot area resisten strongnya ,sesuai dengan metodenya ,
92.0,Bulan 2,2026-07-14 00:00:00,BTCUSD,Reversal Batas,SELL,H1,,0.01,62658.97,62.964.95,61978.19,,,,LOSS,,,,0,594.6,0,Tenang,sudah di area resisten strongnya ,ngbreakot resisten strongnya ,
93.0,Bulan 2,2026-07-14 00:00:00,BTCUSD,Breakout Ranging,BUY,H1,,0.01,62930.36,62651.03,63213.01,,,,WIN,,,,0,594.6,0,Tenang,sudah ngbreakot strong resisten nya ,sesuai dengan metodenya ,
94.0,Bulan 2,14/07/26,XAUUSD,Breakout Ranging,BUY,H1,,0.01,4095.905,4066.948,4125.349,28.957,29.444,1.016818041,LOSS,,0,289.57,0,594.6,0,Tenang,sudah ngbreakot strong resisten nya ,ngambil area support dulu ,
95.0,Bulan 2,14/07/26,BTCUSD,Breakout Ranging,BUY,H1,,0.01,63295.99,62973.66,63912.44,3.2233,6.1645,1.912480998,WIN,,0,-616.45,0,594.6,0,Tenang,sudah ngbreakot strong resisten nya ,sesuai dengan metodenya ,
96.0,Bulan 2,2026-07-14 00:00:00,BTCUSD,Reversal Batas,SELL,H1,,0.01,63876.84,64297.34,63356.77,,,,LOSS,,,,0,594.6,0,Tenang,sudah di area resisten strongnya ,ngbreakot strong resisten nya dan berubah trend nya,
97.0,Bulan 2,2026-07-14 00:00:00,XAUUSD,Reversal Batas,BUY,H1,,0.01,4063223.0,4042554.0,4100882.0,20669,37659,1.822003967,LOSS,,0,206690,0,594.6,0,Tenang,sudah berubah trend dan sudah di area support strong nya ,entry bukan di area support strong nya ,
98.0,Bulan 2,2026-07-14 00:00:00,BTCUSD,Breakout Ranging,BUY,H1,,0.01,64673.41,64189.57,65542.50,,,,LOSS,,,,0,594.6,0,Tenang,sudah ngbreakot area resisten strongnya ,terkena flaseout atau ngambil support ngbreakot dulu baru naik lagih,
99.0,Bulan 2,2026-07-15 00:00:00,BTCUSD,Reversal Batas,BUY,H1,,0.01,64442.37,63937.65,65494.91,,,,WIN,,,,0,594.6,0,Tenang,sudah area strong support strong nya ,seusai dengan metodenya ,
100.0,Bulan 2,2026-07-16 00:00:00,XAUUSD,Reversal Batas,SELL,H1,,0.01,4062914.0,4082331.0,4043318.0,19417,19596,1.009218726,,,0,194170,0,594.6,0,Tenang,sudah di area resisten strongnya ,,
101.0,Bulan 2,2026-07-16 00:00:00,BTCUSD,Breakout Ranging,SELL,H1,,0.01,64642.74,66063.12,63844.54,,,,,,,,0,594.6,0,Tenang,sudah ngbreakot support strong nya ,,
